[
  {
    "fields": {
      "action_flag": 1,
      "action_time": "2024-05-16T08:13:45.050Z",
      "change_message": "[{\"added\": {}}]",
      "content_type": 38,
      "object_id": "1",
      "object_repr": "Convenor",
      "user": 1
    },
    "model": "admin.logentry",
    "pk": 1
  },
  {
    "fields": {
      "action_flag": 1,
      "action_time": "2024-05-16T08:13:52.096Z",
      "change_message": "[{\"added\": {}}]",
      "content_type": 38,
      "object_id": "2",
      "object_repr": "Chairperson",
      "user": 1
    },
    "model": "admin.logentry",
    "pk": 2
  },
  {
    "fields": {
      "action_flag": 1,
      "action_time": "2024-05-16T12:25:58.550Z",
      "change_message": "[{\"added\": {}}]",
      "content_type": 38,
      "object_id": "3",
      "object_repr": "Vice Chairperson",
      "user": 1
    },
    "model": "admin.logentry",
    "pk": 3
  },
  {
    "fields": {
      "action_flag": 1,
      "action_time": "2024-05-16T12:26:25.554Z",
      "change_message": "[{\"added\": {}}]",
      "content_type": 38,
      "object_id": "4",
      "object_repr": "Secretary",
      "user": 1
    },
    "model": "admin.logentry",
    "pk": 4
  },
  {
    "fields": {
      "action_flag": 1,
      "action_time": "2024-05-16T12:26:45.477Z",
      "change_message": "[{\"added\": {}}]",
      "content_type": 38,
      "object_id": "5",
      "object_repr": "Joint Secretary",
      "user": 1
    },
    "model": "admin.logentry",
    "pk": 5
  },
  {
    "fields": {
      "action_flag": 1,
      "action_time": "2024-05-16T12:27:02.684Z",
      "change_message": "[{\"added\": {}}]",
      "content_type": 38,
      "object_id": "6",
      "object_repr": "Treasurer (Branch)",
      "user": 1
    },
    "model": "admin.logentry",
    "pk": 6
  },
  {
    "fields": {
      "action_flag": 1,
      "action_time": "2024-05-16T12:27:13.562Z",
      "change_message": "[{\"added\": {}}]",
      "content_type": 38,
      "object_id": "7",
      "object_repr": "Treasurer (Intitute)",
      "user": 1
    },
    "model": "admin.logentry",
    "pk": 7
  },
  {
    "fields": {
      "action_flag": 1,
      "action_time": "2024-05-16T12:27:34.446Z",
      "change_message": "[{\"added\": {}}]",
      "content_type": 38,
      "object_id": "8",
      "object_repr": "Chair",
      "user": 1
    },
    "model": "admin.logentry",
    "pk": 8
  },
  {
    "fields": {
      "action_flag": 1,
      "action_time": "2024-05-16T12:28:12.522Z",
      "change_message": "[{\"added\": {}}]",
      "content_type": 38,
      "object_id": "9",
      "object_repr": "Vice Chair",
      "user": 1
    },
    "model": "admin.logentry",
    "pk": 9
  },
  {
    "fields": {
      "action_flag": 1,
      "action_time": "2024-05-16T12:28:27.824Z",
      "change_message": "[{\"added\": {}}]",
      "content_type": 38,
      "object_id": "10",
      "object_repr": "Secretary",
      "user": 1
    },
    "model": "admin.logentry",
    "pk": 10
  },
  {
    "fields": {
      "action_flag": 1,
      "action_time": "2024-05-16T12:29:04.933Z",
      "change_message": "[{\"added\": {}}]",
      "content_type": 38,
      "object_id": "11",
      "object_repr": "Project Head",
      "user": 1
    },
    "model": "admin.logentry",
    "pk": 11
  },
  {
    "fields": {
      "action_flag": 1,
      "action_time": "2024-05-16T12:29:58.676Z",
      "change_message": "[{\"added\": {}}]",
      "content_type": 38,
      "object_id": "12",
      "object_repr": "Project Coordinator",
      "user": 1
    },
    "model": "admin.logentry",
    "pk": 12
  },
  {
    "fields": {
      "action_flag": 1,
      "action_time": "2024-05-16T12:31:10.804Z",
      "change_message": "[{\"added\": {}}]",
      "content_type": 38,
      "object_id": "13",
      "object_repr": "Webmaster",
      "user": 1
    },
    "model": "admin.logentry",
    "pk": 13
  },
  {
    "fields": {
      "action_flag": 1,
      "action_time": "2024-05-16T12:31:20.126Z",
      "change_message": "[{\"added\": {}}]",
      "content_type": 38,
      "object_id": "14",
      "object_repr": "Media Lead",
      "user": 1
    },
    "model": "admin.logentry",
    "pk": 14
  },
  {
    "fields": {
      "action_flag": 1,
      "action_time": "2024-05-16T12:31:31.562Z",
      "change_message": "[{\"added\": {}}]",
      "content_type": 38,
      "object_id": "15",
      "object_repr": "Outreach Lead",
      "user": 1
    },
    "model": "admin.logentry",
    "pk": 15
  },
  {
    "fields": {
      "action_flag": 1,
      "action_time": "2024-05-16T12:31:42.816Z",
      "change_message": "[{\"added\": {}}]",
      "content_type": 38,
      "object_id": "16",
      "object_repr": "Envision Lead",
      "user": 1
    },
    "model": "admin.logentry",
    "pk": 16
  },
  {
    "fields": {
      "action_flag": 1,
      "action_time": "2024-05-16T12:31:52.097Z",
      "change_message": "[{\"added\": {}}]",
      "content_type": 38,
      "object_id": "17",
      "object_repr": "Labs Lead",
      "user": 1
    },
    "model": "admin.logentry",
    "pk": 17
  },
  {
    "fields": {
      "action_flag": 2,
      "action_time": "2024-05-16T12:34:10.884Z",
      "change_message": "[{\"changed\": {\"fields\": [\"Is execom\"]}}]",
      "content_type": 38,
      "object_id": "13",
      "object_repr": "Webmaster",
      "user": 1
    },
    "model": "admin.logentry",
    "pk": 18
  },
  {
    "fields": {
      "action_flag": 2,
      "action_time": "2024-05-16T12:34:15.872Z",
      "change_message": "[{\"changed\": {\"fields\": [\"Is execom\"]}}]",
      "content_type": 38,
      "object_id": "14",
      "object_repr": "Media Lead",
      "user": 1
    },
    "model": "admin.logentry",
    "pk": 19
  },
  {
    "fields": {
      "action_flag": 2,
      "action_time": "2024-05-16T12:34:19.640Z",
      "change_message": "[{\"changed\": {\"fields\": [\"Is execom\"]}}]",
      "content_type": 38,
      "object_id": "15",
      "object_repr": "Outreach Lead",
      "user": 1
    },
    "model": "admin.logentry",
    "pk": 20
  },
  {
    "fields": {
      "action_flag": 2,
      "action_time": "2024-05-16T12:34:22.839Z",
      "change_message": "[{\"changed\": {\"fields\": [\"Is execom\"]}}]",
      "content_type": 38,
      "object_id": "16",
      "object_repr": "Envision Lead",
      "user": 1
    },
    "model": "admin.logentry",
    "pk": 21
  },
  {
    "fields": {
      "action_flag": 2,
      "action_time": "2024-05-16T12:34:26.037Z",
      "change_message": "[{\"changed\": {\"fields\": [\"Is execom\"]}}]",
      "content_type": 38,
      "object_id": "17",
      "object_repr": "Labs Lead",
      "user": 1
    },
    "model": "admin.logentry",
    "pk": 22
  },
  {
    "fields": {
      "action_flag": 2,
      "action_time": "2024-05-16T12:41:14.631Z",
      "change_message": "[{\"changed\": {\"fields\": [\"Is sac\"]}}]",
      "content_type": 38,
      "object_id": "17",
      "object_repr": "Labs Lead",
      "user": 1
    },
    "model": "admin.logentry",
    "pk": 23
  },
  {
    "fields": {
      "action_flag": 2,
      "action_time": "2024-05-16T12:41:17.657Z",
      "change_message": "[{\"changed\": {\"fields\": [\"Is sac\"]}}]",
      "content_type": 38,
      "object_id": "16",
      "object_repr": "Envision Lead",
      "user": 1
    },
    "model": "admin.logentry",
    "pk": 24
  },
  {
    "fields": {
      "action_flag": 2,
      "action_time": "2024-05-16T12:41:21.383Z",
      "change_message": "[{\"changed\": {\"fields\": [\"Is sac\"]}}]",
      "content_type": 38,
      "object_id": "15",
      "object_repr": "Outreach Lead",
      "user": 1
    },
    "model": "admin.logentry",
    "pk": 25
  },
  {
    "fields": {
      "action_flag": 2,
      "action_time": "2024-05-16T12:41:24.841Z",
      "change_message": "[{\"changed\": {\"fields\": [\"Is sac\"]}}]",
      "content_type": 38,
      "object_id": "14",
      "object_repr": "Media Lead",
      "user": 1
    },
    "model": "admin.logentry",
    "pk": 26
  },
  {
    "fields": {
      "action_flag": 2,
      "action_time": "2024-05-16T12:41:28.929Z",
      "change_message": "[{\"changed\": {\"fields\": [\"Is sac\"]}}]",
      "content_type": 38,
      "object_id": "13",
      "object_repr": "Webmaster",
      "user": 1
    },
    "model": "admin.logentry",
    "pk": 27
  },
  {
    "fields": {
      "action_flag": 1,
      "action_time": "2024-05-16T12:41:52.336Z",
      "change_message": "[{\"added\": {}}]",
      "content_type": 38,
      "object_id": "18",
      "object_repr": "SAC Lead",
      "user": 1
    },
    "model": "admin.logentry",
    "pk": 28
  },
  {
    "fields": {
      "action_flag": 2,
      "action_time": "2024-05-16T12:41:59.459Z",
      "change_message": "[{\"changed\": {\"fields\": [\"Priority\"]}}]",
      "content_type": 38,
      "object_id": "13",
      "object_repr": "Webmaster",
      "user": 1
    },
    "model": "admin.logentry",
    "pk": 29
  },
  {
    "fields": {
      "action_flag": 2,
      "action_time": "2024-05-16T12:42:03.758Z",
      "change_message": "[{\"changed\": {\"fields\": [\"Priority\"]}}]",
      "content_type": 38,
      "object_id": "14",
      "object_repr": "Media Lead",
      "user": 1
    },
    "model": "admin.logentry",
    "pk": 30
  },
  {
    "fields": {
      "action_flag": 2,
      "action_time": "2024-05-16T12:42:08.687Z",
      "change_message": "[{\"changed\": {\"fields\": [\"Priority\"]}}]",
      "content_type": 38,
      "object_id": "15",
      "object_repr": "Outreach Lead",
      "user": 1
    },
    "model": "admin.logentry",
    "pk": 31
  },
  {
    "fields": {
      "action_flag": 2,
      "action_time": "2024-05-16T12:42:12.865Z",
      "change_message": "[{\"changed\": {\"fields\": [\"Priority\"]}}]",
      "content_type": 38,
      "object_id": "16",
      "object_repr": "Envision Lead",
      "user": 1
    },
    "model": "admin.logentry",
    "pk": 32
  },
  {
    "fields": {
      "action_flag": 2,
      "action_time": "2024-05-16T12:42:16.728Z",
      "change_message": "[{\"changed\": {\"fields\": [\"Priority\"]}}]",
      "content_type": 38,
      "object_id": "17",
      "object_repr": "Labs Lead",
      "user": 1
    },
    "model": "admin.logentry",
    "pk": 33
  },
  {
    "fields": {
      "action_flag": 1,
      "action_time": "2024-05-16T12:42:50.806Z",
      "change_message": "[{\"added\": {}}]",
      "content_type": 38,
      "object_id": "19",
      "object_repr": "WIE Chair",
      "user": 1
    },
    "model": "admin.logentry",
    "pk": 34
  },
  {
    "fields": {
      "action_flag": 1,
      "action_time": "2024-05-16T12:43:00.561Z",
      "change_message": "[{\"added\": {}}]",
      "content_type": 38,
      "object_id": "20",
      "object_repr": "SIGHT Chair",
      "user": 1
    },
    "model": "admin.logentry",
    "pk": 35
  },
  {
    "fields": {
      "action_flag": 2,
      "action_time": "2024-05-16T12:43:15.597Z",
      "change_message": "[{\"changed\": {\"fields\": [\"Name\"]}}]",
      "content_type": 38,
      "object_id": "17",
      "object_repr": "Labs Incharge",
      "user": 1
    },
    "model": "admin.logentry",
    "pk": 36
  },
  {
    "fields": {
      "action_flag": 1,
      "action_time": "2024-05-16T13:00:28.195Z",
      "change_message": "[{\"added\": {}}]",
      "content_type": 9,
      "object_id": "2",
      "object_repr": "Joseph Andy",
      "user": 1
    },
    "model": "admin.logentry",
    "pk": 37
  },
  {
    "fields": {
      "action_flag": 1,
      "action_time": "2024-05-16T13:01:00.960Z",
      "change_message": "[{\"added\": {}}]",
      "content_type": 9,
      "object_id": "3",
      "object_repr": "Tom Hawk",
      "user": 1
    },
    "model": "admin.logentry",
    "pk": 38
  },
  {
    "fields": {
      "action_flag": 1,
      "action_time": "2024-05-16T13:02:01.104Z",
      "change_message": "[{\"added\": {}}]",
      "content_type": 10,
      "object_id": "2",
      "object_repr": "Joseph Andy [CompSoc]",
      "user": 1
    },
    "model": "admin.logentry",
    "pk": 39
  },
  {
    "fields": {
      "action_flag": 1,
      "action_time": "2024-05-16T13:02:28.417Z",
      "change_message": "[{\"added\": {}}]",
      "content_type": 10,
      "object_id": "3",
      "object_repr": "Tom Hawk [CompSoc]",
      "user": 1
    },
    "model": "admin.logentry",
    "pk": 40
  },
  {
    "fields": {
      "action_flag": 1,
      "action_time": "2024-05-16T13:02:48.074Z",
      "change_message": "[{\"added\": {}}]",
      "content_type": 12,
      "object_id": "1",
      "object_repr": "Joseph Andy | Convenor",
      "user": 1
    },
    "model": "admin.logentry",
    "pk": 41
  },
  {
    "fields": {
      "action_flag": 1,
      "action_time": "2024-05-16T13:03:03.777Z",
      "change_message": "[{\"added\": {}}]",
      "content_type": 12,
      "object_id": "2",
      "object_repr": "Tom Hawk | Vice Chairperson",
      "user": 1
    },
    "model": "admin.logentry",
    "pk": 42
  },
  {
    "fields": {
      "action_flag": 2,
      "action_time": "2024-05-16T13:03:41.203Z",
      "change_message": "[{\"changed\": {\"fields\": [\"Post\"]}}]",
      "content_type": 12,
      "object_id": "2",
      "object_repr": "Tom Hawk | Chair",
      "user": 1
    },
    "model": "admin.logentry",
    "pk": 43
  },
  {
    "fields": {
      "action_flag": 2,
      "action_time": "2024-05-16T13:03:53.844Z",
      "change_message": "[{\"changed\": {\"fields\": [\"Post\"]}}]",
      "content_type": 12,
      "object_id": "1",
      "object_repr": "Joseph Andy | Vice Chair",
      "user": 1
    },
    "model": "admin.logentry",
    "pk": 44
  },
  {
    "fields": {
      "action_flag": 3,
      "action_time": "2024-05-16T13:04:48.172Z",
      "change_message": "",
      "content_type": 12,
      "object_id": "1",
      "object_repr": "Joseph Andy | Vice Chair",
      "user": 1
    },
    "model": "admin.logentry",
    "pk": 45
  },
  {
    "fields": {
      "action_flag": 2,
      "action_time": "2024-05-16T13:05:19.931Z",
      "change_message": "[{\"changed\": {\"fields\": [\"Sig\"]}}]",
      "content_type": 10,
      "object_id": "2",
      "object_repr": "Joseph Andy [Diode]",
      "user": 1
    },
    "model": "admin.logentry",
    "pk": 46
  },
  {
    "fields": {
      "action_flag": 1,
      "action_time": "2024-05-16T13:05:50.421Z",
      "change_message": "[{\"added\": {}}]",
      "content_type": 12,
      "object_id": "3",
      "object_repr": "Joseph Andy | Vice Chair",
      "user": 1
    },
    "model": "admin.logentry",
    "pk": 47
  },
  {
    "fields": {
      "action_flag": 2,
      "action_time": "2024-05-16T13:06:16.272Z",
      "change_message": "[{\"changed\": {\"fields\": [\"Post\"]}}]",
      "content_type": 12,
      "object_id": "3",
      "object_repr": "Joseph Andy | Webmaster",
      "user": 1
    },
    "model": "admin.logentry",
    "pk": 48
  },
  {
    "fields": {
      "action_flag": 1,
      "action_time": "2024-05-16T13:15:31.377Z",
      "change_message": "[{\"added\": {}}]",
      "content_type": 38,
      "object_id": "21",
      "object_repr": "Branch Counselor",
      "user": 1
    },
    "model": "admin.logentry",
    "pk": 49
  },
  {
    "fields": {
      "action_flag": 1,
      "action_time": "2024-05-16T13:15:46.032Z",
      "change_message": "[{\"added\": {}}]",
      "content_type": 38,
      "object_id": "22",
      "object_repr": "Faculty Advisor",
      "user": 1
    },
    "model": "admin.logentry",
    "pk": 50
  },
  {
    "fields": {
      "action_flag": 1,
      "action_time": "2024-05-16T13:30:58.301Z",
      "change_message": "[{\"added\": {}}]",
      "content_type": 9,
      "object_id": "4",
      "object_repr": "Felix Cog",
      "user": 1
    },
    "model": "admin.logentry",
    "pk": 51
  },
  {
    "fields": {
      "action_flag": 1,
      "action_time": "2024-05-16T13:31:37.138Z",
      "change_message": "[{\"added\": {}}]",
      "content_type": 9,
      "object_id": "5",
      "object_repr": "Amy Carlos",
      "user": 1
    },
    "model": "admin.logentry",
    "pk": 52
  },
  {
    "fields": {
      "action_flag": 1,
      "action_time": "2024-05-16T13:32:24.115Z",
      "change_message": "[{\"added\": {}}]",
      "content_type": 10,
      "object_id": "5",
      "object_repr": "Amy Carlos [Piston]",
      "user": 1
    },
    "model": "admin.logentry",
    "pk": 53
  },
  {
    "fields": {
      "action_flag": 1,
      "action_time": "2024-05-16T13:37:19.393Z",
      "change_message": "[{\"added\": {}}]",
      "content_type": 11,
      "object_id": "1",
      "object_repr": "Faculty object (1)",
      "user": 1
    },
    "model": "admin.logentry",
    "pk": 54
  },
  {
    "fields": {
      "action_flag": 2,
      "action_time": "2024-05-16T13:37:48.875Z",
      "change_message": "[{\"changed\": {\"fields\": [\"Post\"]}}]",
      "content_type": 11,
      "object_id": "1",
      "object_repr": "Faculty object (1)",
      "user": 1
    },
    "model": "admin.logentry",
    "pk": 55
  },
  {
    "fields": {
      "action_flag": 2,
      "action_time": "2024-05-16T13:48:33.543Z",
      "change_message": "[{\"changed\": {\"fields\": [\"Profile picture\"]}}]",
      "content_type": 11,
      "object_id": "1",
      "object_repr": "Faculty object (1)",
      "user": 1
    },
    "model": "admin.logentry",
    "pk": 56
  },
  {
    "fields": {
      "action_flag": 2,
      "action_time": "2024-05-16T13:48:50.516Z",
      "change_message": "[{\"changed\": {\"fields\": [\"Profile picture\"]}}]",
      "content_type": 11,
      "object_id": "1",
      "object_repr": "Faculty object (1)",
      "user": 1
    },
    "model": "admin.logentry",
    "pk": 57
  },
  {
    "fields": {
      "action_flag": 2,
      "action_time": "2024-05-16T13:49:05.457Z",
      "change_message": "[{\"changed\": {\"fields\": [\"Profile picture\"]}}]",
      "content_type": 11,
      "object_id": "1",
      "object_repr": "Faculty object (1)",
      "user": 1
    },
    "model": "admin.logentry",
    "pk": 58
  },
  {
    "fields": {
      "action_flag": 1,
      "action_time": "2024-05-16T13:53:36.078Z",
      "change_message": "[{\"added\": {}}]",
      "content_type": 12,
      "object_id": "4",
      "object_repr": "Amy Carlos | WIE Chair",
      "user": 1
    },
    "model": "admin.logentry",
    "pk": 59
  },
  {
    "fields": {
      "action_flag": 2,
      "action_time": "2024-05-16T13:53:52.356Z",
      "change_message": "[{\"changed\": {\"fields\": [\"Post\"]}}]",
      "content_type": 12,
      "object_id": "4",
      "object_repr": "Amy Carlos | SAC Lead",
      "user": 1
    },
    "model": "admin.logentry",
    "pk": 60
  },
  {
    "fields": {
      "action_flag": 2,
      "action_time": "2024-05-16T13:54:27.622Z",
      "change_message": "[{\"changed\": {\"fields\": [\"Post\"]}}]",
      "content_type": 12,
      "object_id": "4",
      "object_repr": "Amy Carlos | Vice Chair",
      "user": 1
    },
    "model": "admin.logentry",
    "pk": 61
  },
  {
    "fields": {
      "action_flag": 2,
      "action_time": "2024-05-16T13:54:55.789Z",
      "change_message": "[{\"changed\": {\"fields\": [\"Society\"]}}]",
      "content_type": 12,
      "object_id": "4",
      "object_repr": "Amy Carlos | Vice Chair",
      "user": 1
    },
    "model": "admin.logentry",
    "pk": 62
  },
  {
    "fields": {
      "action_flag": 2,
      "action_time": "2024-05-16T13:57:46.733Z",
      "change_message": "[{\"changed\": {\"fields\": [\"Post\"]}}]",
      "content_type": 11,
      "object_id": "1",
      "object_repr": "Faculty object (1)",
      "user": 1
    },
    "model": "admin.logentry",
    "pk": 63
  },
  {
    "fields": {
      "action_flag": 2,
      "action_time": "2024-05-16T13:58:04.031Z",
      "change_message": "[{\"changed\": {\"fields\": [\"Post\"]}}]",
      "content_type": 11,
      "object_id": "1",
      "object_repr": "Faculty object (1)",
      "user": 1
    },
    "model": "admin.logentry",
    "pk": 64
  },
  {
    "fields": {
      "action_flag": 2,
      "action_time": "2024-05-16T14:02:46.386Z",
      "change_message": "[{\"changed\": {\"fields\": [\"Post\"]}}]",
      "content_type": 11,
      "object_id": "1",
      "object_repr": "Faculty object (1)",
      "user": 1
    },
    "model": "admin.logentry",
    "pk": 65
  },
  {
    "fields": {
      "action_flag": 2,
      "action_time": "2024-05-16T14:12:56.485Z",
      "change_message": "[{\"changed\": {\"fields\": [\"Post\"]}}]",
      "content_type": 11,
      "object_id": "1",
      "object_repr": "Faculty object (1)",
      "user": 1
    },
    "model": "admin.logentry",
    "pk": 66
  },
  {
    "fields": {
      "action_flag": 2,
      "action_time": "2024-05-16T14:18:45.718Z",
      "change_message": "[{\"changed\": {\"fields\": [\"Post\"]}}]",
      "content_type": 11,
      "object_id": "1",
      "object_repr": "Faculty object (1)",
      "user": 1
    },
    "model": "admin.logentry",
    "pk": 67
  },
  {
    "fields": {
      "action_flag": 2,
      "action_time": "2024-05-16T14:25:23.532Z",
      "change_message": "[{\"changed\": {\"fields\": [\"Post\"]}}]",
      "content_type": 11,
      "object_id": "1",
      "object_repr": "Faculty object (1)",
      "user": 1
    },
    "model": "admin.logentry",
    "pk": 68
  },
  {
    "fields": {
      "action_flag": 2,
      "action_time": "2024-05-16T14:26:47.061Z",
      "change_message": "[{\"changed\": {\"fields\": [\"Post\"]}}]",
      "content_type": 12,
      "object_id": "3",
      "object_repr": "Joseph Andy | Convenor",
      "user": 1
    },
    "model": "admin.logentry",
    "pk": 69
  },
  {
    "fields": {
      "action_flag": 2,
      "action_time": "2024-05-16T14:27:17.739Z",
      "change_message": "[{\"changed\": {\"fields\": [\"Post\"]}}]",
      "content_type": 11,
      "object_id": "1",
      "object_repr": "Faculty object (1)",
      "user": 1
    },
    "model": "admin.logentry",
    "pk": 70
  },
  {
    "fields": {
      "action_flag": 2,
      "action_time": "2024-05-16T14:28:15.236Z",
      "change_message": "[{\"changed\": {\"fields\": [\"Post\"]}}]",
      "content_type": 11,
      "object_id": "1",
      "object_repr": "Faculty object (1)",
      "user": 1
    },
    "model": "admin.logentry",
    "pk": 71
  },
  {
    "fields": {
      "action_flag": 2,
      "action_time": "2024-05-16T14:30:04.666Z",
      "change_message": "[{\"changed\": {\"fields\": [\"Sig\", \"Society\", \"Post\"]}}]",
      "content_type": 11,
      "object_id": "1",
      "object_repr": "Faculty object (1)",
      "user": 1
    },
    "model": "admin.logentry",
    "pk": 72
  },
  {
    "fields": {
      "action_flag": 1,
      "action_time": "2024-05-16T15:07:49.373Z",
      "change_message": "[{\"added\": {}}]",
      "content_type": 9,
      "object_id": "6",
      "object_repr": "Emily Johnson",
      "user": 1
    },
    "model": "admin.logentry",
    "pk": 73
  },
  {
    "fields": {
      "action_flag": 1,
      "action_time": "2024-05-16T15:08:21.555Z",
      "change_message": "[{\"added\": {}}]",
      "content_type": 9,
      "object_id": "7",
      "object_repr": "Daniel Smith",
      "user": 1
    },
    "model": "admin.logentry",
    "pk": 74
  },
  {
    "fields": {
      "action_flag": 1,
      "action_time": "2024-05-16T15:08:51.142Z",
      "change_message": "[{\"added\": {}}]",
      "content_type": 9,
      "object_id": "8",
      "object_repr": "Sophia Brown",
      "user": 1
    },
    "model": "admin.logentry",
    "pk": 75
  },
  {
    "fields": {
      "action_flag": 1,
      "action_time": "2024-05-16T15:09:21.953Z",
      "change_message": "[{\"added\": {}}]",
      "content_type": 9,
      "object_id": "9",
      "object_repr": "Matthew Patel",
      "user": 1
    },
    "model": "admin.logentry",
    "pk": 76
  },
  {
    "fields": {
      "action_flag": 1,
      "action_time": "2024-05-16T15:10:03.192Z",
      "change_message": "[{\"added\": {}}]",
      "content_type": 9,
      "object_id": "10",
      "object_repr": "Olivia Garcia",
      "user": 1
    },
    "model": "admin.logentry",
    "pk": 77
  },
  {
    "fields": {
      "action_flag": 1,
      "action_time": "2024-05-16T15:10:25.472Z",
      "change_message": "[{\"added\": {}}]",
      "content_type": 9,
      "object_id": "11",
      "object_repr": "Ethan Jones",
      "user": 1
    },
    "model": "admin.logentry",
    "pk": 78
  },
  {
    "fields": {
      "action_flag": 1,
      "action_time": "2024-05-16T15:10:49.654Z",
      "change_message": "[{\"added\": {}}]",
      "content_type": 9,
      "object_id": "12",
      "object_repr": "Ava Martinez",
      "user": 1
    },
    "model": "admin.logentry",
    "pk": 79
  },
  {
    "fields": {
      "action_flag": 1,
      "action_time": "2024-05-16T15:11:12.885Z",
      "change_message": "[{\"added\": {}}]",
      "content_type": 9,
      "object_id": "13",
      "object_repr": "Liam Thompson",
      "user": 1
    },
    "model": "admin.logentry",
    "pk": 80
  },
  {
    "fields": {
      "action_flag": 1,
      "action_time": "2024-05-16T15:11:34.338Z",
      "change_message": "[{\"added\": {}}]",
      "content_type": 9,
      "object_id": "14",
      "object_repr": "Mia Davis",
      "user": 1
    },
    "model": "admin.logentry",
    "pk": 81
  },
  {
    "fields": {
      "action_flag": 1,
      "action_time": "2024-05-16T15:12:23.884Z",
      "change_message": "[{\"added\": {}}]",
      "content_type": 11,
      "object_id": "2",
      "object_repr": "Faculty object (2)",
      "user": 1
    },
    "model": "admin.logentry",
    "pk": 82
  },
  {
    "fields": {
      "action_flag": 1,
      "action_time": "2024-05-16T15:12:38.185Z",
      "change_message": "[{\"added\": {}}]",
      "content_type": 11,
      "object_id": "3",
      "object_repr": "Faculty object (3)",
      "user": 1
    },
    "model": "admin.logentry",
    "pk": 83
  },
  {
    "fields": {
      "action_flag": 1,
      "action_time": "2024-05-16T15:13:07.923Z",
      "change_message": "[{\"added\": {}}]",
      "content_type": 11,
      "object_id": "4",
      "object_repr": "Faculty object (4)",
      "user": 1
    },
    "model": "admin.logentry",
    "pk": 84
  },
  {
    "fields": {
      "action_flag": 1,
      "action_time": "2024-05-16T15:13:37.766Z",
      "change_message": "[{\"added\": {}}]",
      "content_type": 11,
      "object_id": "5",
      "object_repr": "Faculty object (5)",
      "user": 1
    },
    "model": "admin.logentry",
    "pk": 85
  },
  {
    "fields": {
      "action_flag": 1,
      "action_time": "2024-05-16T15:25:12.148Z",
      "change_message": "[{\"added\": {}}]",
      "content_type": 10,
      "object_id": "10",
      "object_repr": "Olivia Garcia [Diode]",
      "user": 1
    },
    "model": "admin.logentry",
    "pk": 86
  },
  {
    "fields": {
      "action_flag": 1,
      "action_time": "2024-05-16T15:25:32.257Z",
      "change_message": "[{\"added\": {}}]",
      "content_type": 12,
      "object_id": "5",
      "object_repr": "Olivia Garcia | Secretary",
      "user": 1
    },
    "model": "admin.logentry",
    "pk": 87
  },
  {
    "fields": {
      "action_flag": 1,
      "action_time": "2024-05-16T15:26:36.244Z",
      "change_message": "[{\"added\": {}}]",
      "content_type": 10,
      "object_id": "9",
      "object_repr": "Matthew Patel [Diode]",
      "user": 1
    },
    "model": "admin.logentry",
    "pk": 88
  },
  {
    "fields": {
      "action_flag": 1,
      "action_time": "2024-05-16T15:26:59.054Z",
      "change_message": "[{\"added\": {}}]",
      "content_type": 12,
      "object_id": "6",
      "object_repr": "Matthew Patel | SAC Lead",
      "user": 1
    },
    "model": "admin.logentry",
    "pk": 89
  },
  {
    "fields": {
      "action_flag": 1,
      "action_time": "2024-05-16T15:28:26.969Z",
      "change_message": "[{\"added\": {}}]",
      "content_type": 10,
      "object_id": "13",
      "object_repr": "Liam Thompson [CompSoc]",
      "user": 1
    },
    "model": "admin.logentry",
    "pk": 90
  },
  {
    "fields": {
      "action_flag": 1,
      "action_time": "2024-05-16T15:29:24.222Z",
      "change_message": "[{\"added\": {}}]",
      "content_type": 10,
      "object_id": "8",
      "object_repr": "Sophia Brown [Diode]",
      "user": 1
    },
    "model": "admin.logentry",
    "pk": 91
  },
  {
    "fields": {
      "action_flag": 1,
      "action_time": "2024-05-16T15:30:17.554Z",
      "change_message": "[{\"added\": {}}]",
      "content_type": 10,
      "object_id": "11",
      "object_repr": "Ethan Jones [Piston]",
      "user": 1
    },
    "model": "admin.logentry",
    "pk": 92
  },
  {
    "fields": {
      "action_flag": 2,
      "action_time": "2024-05-16T15:33:39.687Z",
      "change_message": "[{\"changed\": {\"fields\": [\"Post\", \"Society\"]}}]",
      "content_type": 12,
      "object_id": "5",
      "object_repr": "Olivia Garcia | Chair",
      "user": 1
    },
    "model": "admin.logentry",
    "pk": 93
  },
  {
    "fields": {
      "codename": "add_logentry",
      "content_type": 1,
      "name": "Can add log entry"
    },
    "model": "auth.permission",
    "pk": 1
  },
  {
    "fields": {
      "codename": "change_logentry",
      "content_type": 1,
      "name": "Can change log entry"
    },
    "model": "auth.permission",
    "pk": 2
  },
  {
    "fields": {
      "codename": "delete_logentry",
      "content_type": 1,
      "name": "Can delete log entry"
    },
    "model": "auth.permission",
    "pk": 3
  },
  {
    "fields": {
      "codename": "view_logentry",
      "content_type": 1,
      "name": "Can view log entry"
    },
    "model": "auth.permission",
    "pk": 4
  },
  {
    "fields": {
      "codename": "add_permission",
      "content_type": 2,
      "name": "Can add permission"
    },
    "model": "auth.permission",
    "pk": 5
  },
  {
    "fields": {
      "codename": "change_permission",
      "content_type": 2,
      "name": "Can change permission"
    },
    "model": "auth.permission",
    "pk": 6
  },
  {
    "fields": {
      "codename": "delete_permission",
      "content_type": 2,
      "name": "Can delete permission"
    },
    "model": "auth.permission",
    "pk": 7
  },
  {
    "fields": {
      "codename": "view_permission",
      "content_type": 2,
      "name": "Can view permission"
    },
    "model": "auth.permission",
    "pk": 8
  },
  {
    "fields": {
      "codename": "add_group",
      "content_type": 3,
      "name": "Can add group"
    },
    "model": "auth.permission",
    "pk": 9
  },
  {
    "fields": {
      "codename": "change_group",
      "content_type": 3,
      "name": "Can change group"
    },
    "model": "auth.permission",
    "pk": 10
  },
  {
    "fields": {
      "codename": "delete_group",
      "content_type": 3,
      "name": "Can delete group"
    },
    "model": "auth.permission",
    "pk": 11
  },
  {
    "fields": {
      "codename": "view_group",
      "content_type": 3,
      "name": "Can view group"
    },
    "model": "auth.permission",
    "pk": 12
  },
  {
    "fields": {
      "codename": "add_contenttype",
      "content_type": 4,
      "name": "Can add content type"
    },
    "model": "auth.permission",
    "pk": 13
  },
  {
    "fields": {
      "codename": "change_contenttype",
      "content_type": 4,
      "name": "Can change content type"
    },
    "model": "auth.permission",
    "pk": 14
  },
  {
    "fields": {
      "codename": "delete_contenttype",
      "content_type": 4,
      "name": "Can delete content type"
    },
    "model": "auth.permission",
    "pk": 15
  },
  {
    "fields": {
      "codename": "view_contenttype",
      "content_type": 4,
      "name": "Can view content type"
    },
    "model": "auth.permission",
    "pk": 16
  },
  {
    "fields": {
      "codename": "add_session",
      "content_type": 5,
      "name": "Can add session"
    },
    "model": "auth.permission",
    "pk": 17
  },
  {
    "fields": {
      "codename": "change_session",
      "content_type": 5,
      "name": "Can change session"
    },
    "model": "auth.permission",
    "pk": 18
  },
  {
    "fields": {
      "codename": "delete_session",
      "content_type": 5,
      "name": "Can delete session"
    },
    "model": "auth.permission",
    "pk": 19
  },
  {
    "fields": {
      "codename": "view_session",
      "content_type": 5,
      "name": "Can view session"
    },
    "model": "auth.permission",
    "pk": 20
  },
  {
    "fields": {
      "codename": "add_society",
      "content_type": 6,
      "name": "Can add Society"
    },
    "model": "auth.permission",
    "pk": 21
  },
  {
    "fields": {
      "codename": "change_society",
      "content_type": 6,
      "name": "Can change Society"
    },
    "model": "auth.permission",
    "pk": 22
  },
  {
    "fields": {
      "codename": "delete_society",
      "content_type": 6,
      "name": "Can delete Society"
    },
    "model": "auth.permission",
    "pk": 23
  },
  {
    "fields": {
      "codename": "view_society",
      "content_type": 6,
      "name": "Can view Society"
    },
    "model": "auth.permission",
    "pk": 24
  },
  {
    "fields": {
      "codename": "add_moduleconfiguration",
      "content_type": 7,
      "name": "Can add module configuration"
    },
    "model": "auth.permission",
    "pk": 25
  },
  {
    "fields": {
      "codename": "change_moduleconfiguration",
      "content_type": 7,
      "name": "Can change module configuration"
    },
    "model": "auth.permission",
    "pk": 26
  },
  {
    "fields": {
      "codename": "delete_moduleconfiguration",
      "content_type": 7,
      "name": "Can delete module configuration"
    },
    "model": "auth.permission",
    "pk": 27
  },
  {
    "fields": {
      "codename": "view_moduleconfiguration",
      "content_type": 7,
      "name": "Can view module configuration"
    },
    "model": "auth.permission",
    "pk": 28
  },
  {
    "fields": {
      "codename": "add_sig",
      "content_type": 8,
      "name": "Can add SIG"
    },
    "model": "auth.permission",
    "pk": 29
  },
  {
    "fields": {
      "codename": "change_sig",
      "content_type": 8,
      "name": "Can change SIG"
    },
    "model": "auth.permission",
    "pk": 30
  },
  {
    "fields": {
      "codename": "delete_sig",
      "content_type": 8,
      "name": "Can delete SIG"
    },
    "model": "auth.permission",
    "pk": 31
  },
  {
    "fields": {
      "codename": "view_sig",
      "content_type": 8,
      "name": "Can view SIG"
    },
    "model": "auth.permission",
    "pk": 32
  },
  {
    "fields": {
      "codename": "add_user",
      "content_type": 9,
      "name": "Can add user"
    },
    "model": "auth.permission",
    "pk": 33
  },
  {
    "fields": {
      "codename": "change_user",
      "content_type": 9,
      "name": "Can change user"
    },
    "model": "auth.permission",
    "pk": 34
  },
  {
    "fields": {
      "codename": "delete_user",
      "content_type": 9,
      "name": "Can delete user"
    },
    "model": "auth.permission",
    "pk": 35
  },
  {
    "fields": {
      "codename": "view_user",
      "content_type": 9,
      "name": "Can view user"
    },
    "model": "auth.permission",
    "pk": 36
  },
  {
    "fields": {
      "codename": "add_executivemember",
      "content_type": 10,
      "name": "Can add executive member"
    },
    "model": "auth.permission",
    "pk": 37
  },
  {
    "fields": {
      "codename": "change_executivemember",
      "content_type": 10,
      "name": "Can change executive member"
    },
    "model": "auth.permission",
    "pk": 38
  },
  {
    "fields": {
      "codename": "delete_executivemember",
      "content_type": 10,
      "name": "Can delete executive member"
    },
    "model": "auth.permission",
    "pk": 39
  },
  {
    "fields": {
      "codename": "view_executivemember",
      "content_type": 10,
      "name": "Can view executive member"
    },
    "model": "auth.permission",
    "pk": 40
  },
  {
    "fields": {
      "codename": "add_faculty",
      "content_type": 11,
      "name": "Can add faculty"
    },
    "model": "auth.permission",
    "pk": 41
  },
  {
    "fields": {
      "codename": "change_faculty",
      "content_type": 11,
      "name": "Can change faculty"
    },
    "model": "auth.permission",
    "pk": 42
  },
  {
    "fields": {
      "codename": "delete_faculty",
      "content_type": 11,
      "name": "Can delete faculty"
    },
    "model": "auth.permission",
    "pk": 43
  },
  {
    "fields": {
      "codename": "view_faculty",
      "content_type": 11,
      "name": "Can view faculty"
    },
    "model": "auth.permission",
    "pk": 44
  },
  {
    "fields": {
      "codename": "add_core",
      "content_type": 12,
      "name": "Can add core"
    },
    "model": "auth.permission",
    "pk": 45
  },
  {
    "fields": {
      "codename": "change_core",
      "content_type": 12,
      "name": "Can change core"
    },
    "model": "auth.permission",
    "pk": 46
  },
  {
    "fields": {
      "codename": "delete_core",
      "content_type": 12,
      "name": "Can delete core"
    },
    "model": "auth.permission",
    "pk": 47
  },
  {
    "fields": {
      "codename": "view_core",
      "content_type": 12,
      "name": "Can view core"
    },
    "model": "auth.permission",
    "pk": 48
  },
  {
    "fields": {
      "codename": "add_embedathonuser",
      "content_type": 13,
      "name": "Can add embedathon user"
    },
    "model": "auth.permission",
    "pk": 49
  },
  {
    "fields": {
      "codename": "change_embedathonuser",
      "content_type": 13,
      "name": "Can change embedathon user"
    },
    "model": "auth.permission",
    "pk": 50
  },
  {
    "fields": {
      "codename": "delete_embedathonuser",
      "content_type": 13,
      "name": "Can delete embedathon user"
    },
    "model": "auth.permission",
    "pk": 51
  },
  {
    "fields": {
      "codename": "view_embedathonuser",
      "content_type": 13,
      "name": "Can view embedathon user"
    },
    "model": "auth.permission",
    "pk": 52
  },
  {
    "fields": {
      "codename": "add_team",
      "content_type": 14,
      "name": "Can add team"
    },
    "model": "auth.permission",
    "pk": 53
  },
  {
    "fields": {
      "codename": "change_team",
      "content_type": 14,
      "name": "Can change team"
    },
    "model": "auth.permission",
    "pk": 54
  },
  {
    "fields": {
      "codename": "delete_team",
      "content_type": 14,
      "name": "Can delete team"
    },
    "model": "auth.permission",
    "pk": 55
  },
  {
    "fields": {
      "codename": "view_team",
      "content_type": 14,
      "name": "Can view team"
    },
    "model": "auth.permission",
    "pk": 56
  },
  {
    "fields": {
      "codename": "add_invite",
      "content_type": 15,
      "name": "Can add invite"
    },
    "model": "auth.permission",
    "pk": 57
  },
  {
    "fields": {
      "codename": "change_invite",
      "content_type": 15,
      "name": "Can change invite"
    },
    "model": "auth.permission",
    "pk": 58
  },
  {
    "fields": {
      "codename": "delete_invite",
      "content_type": 15,
      "name": "Can delete invite"
    },
    "model": "auth.permission",
    "pk": 59
  },
  {
    "fields": {
      "codename": "view_invite",
      "content_type": 15,
      "name": "Can view invite"
    },
    "model": "auth.permission",
    "pk": 60
  },
  {
    "fields": {
      "codename": "add_announcement",
      "content_type": 16,
      "name": "Can add announcement"
    },
    "model": "auth.permission",
    "pk": 61
  },
  {
    "fields": {
      "codename": "change_announcement",
      "content_type": 16,
      "name": "Can change announcement"
    },
    "model": "auth.permission",
    "pk": 62
  },
  {
    "fields": {
      "codename": "delete_announcement",
      "content_type": 16,
      "name": "Can delete announcement"
    },
    "model": "auth.permission",
    "pk": 63
  },
  {
    "fields": {
      "codename": "view_announcement",
      "content_type": 16,
      "name": "Can view announcement"
    },
    "model": "auth.permission",
    "pk": 64
  },
  {
    "fields": {
      "codename": "add_announcement",
      "content_type": 17,
      "name": "Can add announcement"
    },
    "model": "auth.permission",
    "pk": 65
  },
  {
    "fields": {
      "codename": "change_announcement",
      "content_type": 17,
      "name": "Can change announcement"
    },
    "model": "auth.permission",
    "pk": 66
  },
  {
    "fields": {
      "codename": "delete_announcement",
      "content_type": 17,
      "name": "Can delete announcement"
    },
    "model": "auth.permission",
    "pk": 67
  },
  {
    "fields": {
      "codename": "view_announcement",
      "content_type": 17,
      "name": "Can view announcement"
    },
    "model": "auth.permission",
    "pk": 68
  },
  {
    "fields": {
      "codename": "add_impulseuser",
      "content_type": 18,
      "name": "Can add impulse user"
    },
    "model": "auth.permission",
    "pk": 69
  },
  {
    "fields": {
      "codename": "change_impulseuser",
      "content_type": 18,
      "name": "Can change impulse user"
    },
    "model": "auth.permission",
    "pk": 70
  },
  {
    "fields": {
      "codename": "delete_impulseuser",
      "content_type": 18,
      "name": "Can delete impulse user"
    },
    "model": "auth.permission",
    "pk": 71
  },
  {
    "fields": {
      "codename": "view_impulseuser",
      "content_type": 18,
      "name": "Can view impulse user"
    },
    "model": "auth.permission",
    "pk": 72
  },
  {
    "fields": {
      "codename": "add_team",
      "content_type": 19,
      "name": "Can add team"
    },
    "model": "auth.permission",
    "pk": 73
  },
  {
    "fields": {
      "codename": "change_team",
      "content_type": 19,
      "name": "Can change team"
    },
    "model": "auth.permission",
    "pk": 74
  },
  {
    "fields": {
      "codename": "delete_team",
      "content_type": 19,
      "name": "Can delete team"
    },
    "model": "auth.permission",
    "pk": 75
  },
  {
    "fields": {
      "codename": "view_team",
      "content_type": 19,
      "name": "Can view team"
    },
    "model": "auth.permission",
    "pk": 76
  },
  {
    "fields": {
      "codename": "add_invite",
      "content_type": 20,
      "name": "Can add invite"
    },
    "model": "auth.permission",
    "pk": 77
  },
  {
    "fields": {
      "codename": "change_invite",
      "content_type": 20,
      "name": "Can change invite"
    },
    "model": "auth.permission",
    "pk": 78
  },
  {
    "fields": {
      "codename": "delete_invite",
      "content_type": 20,
      "name": "Can delete invite"
    },
    "model": "auth.permission",
    "pk": 79
  },
  {
    "fields": {
      "codename": "view_invite",
      "content_type": 20,
      "name": "Can view invite"
    },
    "model": "auth.permission",
    "pk": 80
  },
  {
    "fields": {
      "codename": "add_announcement",
      "content_type": 21,
      "name": "Can add announcement"
    },
    "model": "auth.permission",
    "pk": 81
  },
  {
    "fields": {
      "codename": "change_announcement",
      "content_type": 21,
      "name": "Can change announcement"
    },
    "model": "auth.permission",
    "pk": 82
  },
  {
    "fields": {
      "codename": "delete_announcement",
      "content_type": 21,
      "name": "Can delete announcement"
    },
    "model": "auth.permission",
    "pk": 83
  },
  {
    "fields": {
      "codename": "view_announcement",
      "content_type": 21,
      "name": "Can view announcement"
    },
    "model": "auth.permission",
    "pk": 84
  },
  {
    "fields": {
      "codename": "add_electrikauser",
      "content_type": 22,
      "name": "Can add electrika user"
    },
    "model": "auth.permission",
    "pk": 85
  },
  {
    "fields": {
      "codename": "change_electrikauser",
      "content_type": 22,
      "name": "Can change electrika user"
    },
    "model": "auth.permission",
    "pk": 86
  },
  {
    "fields": {
      "codename": "delete_electrikauser",
      "content_type": 22,
      "name": "Can delete electrika user"
    },
    "model": "auth.permission",
    "pk": 87
  },
  {
    "fields": {
      "codename": "view_electrikauser",
      "content_type": 22,
      "name": "Can view electrika user"
    },
    "model": "auth.permission",
    "pk": 88
  },
  {
    "fields": {
      "codename": "add_team",
      "content_type": 23,
      "name": "Can add team"
    },
    "model": "auth.permission",
    "pk": 89
  },
  {
    "fields": {
      "codename": "change_team",
      "content_type": 23,
      "name": "Can change team"
    },
    "model": "auth.permission",
    "pk": 90
  },
  {
    "fields": {
      "codename": "delete_team",
      "content_type": 23,
      "name": "Can delete team"
    },
    "model": "auth.permission",
    "pk": 91
  },
  {
    "fields": {
      "codename": "view_team",
      "content_type": 23,
      "name": "Can view team"
    },
    "model": "auth.permission",
    "pk": 92
  },
  {
    "fields": {
      "codename": "add_invite",
      "content_type": 24,
      "name": "Can add invite"
    },
    "model": "auth.permission",
    "pk": 93
  },
  {
    "fields": {
      "codename": "change_invite",
      "content_type": 24,
      "name": "Can change invite"
    },
    "model": "auth.permission",
    "pk": 94
  },
  {
    "fields": {
      "codename": "delete_invite",
      "content_type": 24,
      "name": "Can delete invite"
    },
    "model": "auth.permission",
    "pk": 95
  },
  {
    "fields": {
      "codename": "view_invite",
      "content_type": 24,
      "name": "Can view invite"
    },
    "model": "auth.permission",
    "pk": 96
  },
  {
    "fields": {
      "codename": "add_announcement",
      "content_type": 25,
      "name": "Can add announcement"
    },
    "model": "auth.permission",
    "pk": 97
  },
  {
    "fields": {
      "codename": "change_announcement",
      "content_type": 25,
      "name": "Can change announcement"
    },
    "model": "auth.permission",
    "pk": 98
  },
  {
    "fields": {
      "codename": "delete_announcement",
      "content_type": 25,
      "name": "Can delete announcement"
    },
    "model": "auth.permission",
    "pk": 99
  },
  {
    "fields": {
      "codename": "view_announcement",
      "content_type": 25,
      "name": "Can view announcement"
    },
    "model": "auth.permission",
    "pk": 100
  },
  {
    "fields": {
      "codename": "add_seuser",
      "content_type": 26,
      "name": "Can add se user"
    },
    "model": "auth.permission",
    "pk": 101
  },
  {
    "fields": {
      "codename": "change_seuser",
      "content_type": 26,
      "name": "Can change se user"
    },
    "model": "auth.permission",
    "pk": 102
  },
  {
    "fields": {
      "codename": "delete_seuser",
      "content_type": 26,
      "name": "Can delete se user"
    },
    "model": "auth.permission",
    "pk": 103
  },
  {
    "fields": {
      "codename": "view_seuser",
      "content_type": 26,
      "name": "Can view se user"
    },
    "model": "auth.permission",
    "pk": 104
  },
  {
    "fields": {
      "codename": "add_team",
      "content_type": 27,
      "name": "Can add team"
    },
    "model": "auth.permission",
    "pk": 105
  },
  {
    "fields": {
      "codename": "change_team",
      "content_type": 27,
      "name": "Can change team"
    },
    "model": "auth.permission",
    "pk": 106
  },
  {
    "fields": {
      "codename": "delete_team",
      "content_type": 27,
      "name": "Can delete team"
    },
    "model": "auth.permission",
    "pk": 107
  },
  {
    "fields": {
      "codename": "view_team",
      "content_type": 27,
      "name": "Can view team"
    },
    "model": "auth.permission",
    "pk": 108
  },
  {
    "fields": {
      "codename": "add_invite",
      "content_type": 28,
      "name": "Can add invite"
    },
    "model": "auth.permission",
    "pk": 109
  },
  {
    "fields": {
      "codename": "change_invite",
      "content_type": 28,
      "name": "Can change invite"
    },
    "model": "auth.permission",
    "pk": 110
  },
  {
    "fields": {
      "codename": "delete_invite",
      "content_type": 28,
      "name": "Can delete invite"
    },
    "model": "auth.permission",
    "pk": 111
  },
  {
    "fields": {
      "codename": "view_invite",
      "content_type": 28,
      "name": "Can view invite"
    },
    "model": "auth.permission",
    "pk": 112
  },
  {
    "fields": {
      "codename": "add_submission",
      "content_type": 29,
      "name": "Can add submission"
    },
    "model": "auth.permission",
    "pk": 113
  },
  {
    "fields": {
      "codename": "change_submission",
      "content_type": 29,
      "name": "Can change submission"
    },
    "model": "auth.permission",
    "pk": 114
  },
  {
    "fields": {
      "codename": "delete_submission",
      "content_type": 29,
      "name": "Can delete submission"
    },
    "model": "auth.permission",
    "pk": 115
  },
  {
    "fields": {
      "codename": "view_submission",
      "content_type": 29,
      "name": "Can view submission"
    },
    "model": "auth.permission",
    "pk": 116
  },
  {
    "fields": {
      "codename": "add_announcement",
      "content_type": 30,
      "name": "Can add announcement"
    },
    "model": "auth.permission",
    "pk": 117
  },
  {
    "fields": {
      "codename": "change_announcement",
      "content_type": 30,
      "name": "Can change announcement"
    },
    "model": "auth.permission",
    "pk": 118
  },
  {
    "fields": {
      "codename": "delete_announcement",
      "content_type": 30,
      "name": "Can delete announcement"
    },
    "model": "auth.permission",
    "pk": 119
  },
  {
    "fields": {
      "codename": "view_announcement",
      "content_type": 30,
      "name": "Can view announcement"
    },
    "model": "auth.permission",
    "pk": 120
  },
  {
    "fields": {
      "codename": "add_robotrixuser",
      "content_type": 31,
      "name": "Can add robotrix user"
    },
    "model": "auth.permission",
    "pk": 121
  },
  {
    "fields": {
      "codename": "change_robotrixuser",
      "content_type": 31,
      "name": "Can change robotrix user"
    },
    "model": "auth.permission",
    "pk": 122
  },
  {
    "fields": {
      "codename": "delete_robotrixuser",
      "content_type": 31,
      "name": "Can delete robotrix user"
    },
    "model": "auth.permission",
    "pk": 123
  },
  {
    "fields": {
      "codename": "view_robotrixuser",
      "content_type": 31,
      "name": "Can view robotrix user"
    },
    "model": "auth.permission",
    "pk": 124
  },
  {
    "fields": {
      "codename": "add_team",
      "content_type": 32,
      "name": "Can add team"
    },
    "model": "auth.permission",
    "pk": 125
  },
  {
    "fields": {
      "codename": "change_team",
      "content_type": 32,
      "name": "Can change team"
    },
    "model": "auth.permission",
    "pk": 126
  },
  {
    "fields": {
      "codename": "delete_team",
      "content_type": 32,
      "name": "Can delete team"
    },
    "model": "auth.permission",
    "pk": 127
  },
  {
    "fields": {
      "codename": "view_team",
      "content_type": 32,
      "name": "Can view team"
    },
    "model": "auth.permission",
    "pk": 128
  },
  {
    "fields": {
      "codename": "add_invite",
      "content_type": 33,
      "name": "Can add invite"
    },
    "model": "auth.permission",
    "pk": 129
  },
  {
    "fields": {
      "codename": "change_invite",
      "content_type": 33,
      "name": "Can change invite"
    },
    "model": "auth.permission",
    "pk": 130
  },
  {
    "fields": {
      "codename": "delete_invite",
      "content_type": 33,
      "name": "Can delete invite"
    },
    "model": "auth.permission",
    "pk": 131
  },
  {
    "fields": {
      "codename": "view_invite",
      "content_type": 33,
      "name": "Can view invite"
    },
    "model": "auth.permission",
    "pk": 132
  },
  {
    "fields": {
      "codename": "add_senior",
      "content_type": 34,
      "name": "Can add senior"
    },
    "model": "auth.permission",
    "pk": 133
  },
  {
    "fields": {
      "codename": "change_senior",
      "content_type": 34,
      "name": "Can change senior"
    },
    "model": "auth.permission",
    "pk": 134
  },
  {
    "fields": {
      "codename": "delete_senior",
      "content_type": 34,
      "name": "Can delete senior"
    },
    "model": "auth.permission",
    "pk": 135
  },
  {
    "fields": {
      "codename": "view_senior",
      "content_type": 34,
      "name": "Can view senior"
    },
    "model": "auth.permission",
    "pk": 136
  },
  {
    "fields": {
      "codename": "add_reporttype",
      "content_type": 35,
      "name": "Can add report type"
    },
    "model": "auth.permission",
    "pk": 137
  },
  {
    "fields": {
      "codename": "change_reporttype",
      "content_type": 35,
      "name": "Can change report type"
    },
    "model": "auth.permission",
    "pk": 138
  },
  {
    "fields": {
      "codename": "delete_reporttype",
      "content_type": 35,
      "name": "Can delete report type"
    },
    "model": "auth.permission",
    "pk": 139
  },
  {
    "fields": {
      "codename": "view_reporttype",
      "content_type": 35,
      "name": "Can view report type"
    },
    "model": "auth.permission",
    "pk": 140
  },
  {
    "fields": {
      "codename": "add_report",
      "content_type": 36,
      "name": "Can add report"
    },
    "model": "auth.permission",
    "pk": 141
  },
  {
    "fields": {
      "codename": "change_report",
      "content_type": 36,
      "name": "Can change report"
    },
    "model": "auth.permission",
    "pk": 142
  },
  {
    "fields": {
      "codename": "delete_report",
      "content_type": 36,
      "name": "Can delete report"
    },
    "model": "auth.permission",
    "pk": 143
  },
  {
    "fields": {
      "codename": "view_report",
      "content_type": 36,
      "name": "Can view report"
    },
    "model": "auth.permission",
    "pk": 144
  },
  {
    "fields": {
      "codename": "add_reportmember",
      "content_type": 37,
      "name": "Can add report member"
    },
    "model": "auth.permission",
    "pk": 145
  },
  {
    "fields": {
      "codename": "change_reportmember",
      "content_type": 37,
      "name": "Can change report member"
    },
    "model": "auth.permission",
    "pk": 146
  },
  {
    "fields": {
      "codename": "delete_reportmember",
      "content_type": 37,
      "name": "Can delete report member"
    },
    "model": "auth.permission",
    "pk": 147
  },
  {
    "fields": {
      "codename": "view_reportmember",
      "content_type": 37,
      "name": "Can view report member"
    },
    "model": "auth.permission",
    "pk": 148
  },
  {
    "fields": {
      "codename": "add_post",
      "content_type": 38,
      "name": "Can add post"
    },
    "model": "auth.permission",
    "pk": 149
  },
  {
    "fields": {
      "codename": "change_post",
      "content_type": 38,
      "name": "Can change post"
    },
    "model": "auth.permission",
    "pk": 150
  },
  {
    "fields": {
      "codename": "delete_post",
      "content_type": 38,
      "name": "Can delete post"
    },
    "model": "auth.permission",
    "pk": 151
  },
  {
    "fields": {
      "codename": "view_post",
      "content_type": 38,
      "name": "Can view post"
    },
    "model": "auth.permission",
    "pk": 152
  },
  {
    "fields": {
      "app_label": "admin",
      "model": "logentry"
    },
    "model": "contenttypes.contenttype",
    "pk": 1
  },
  {
    "fields": {
      "app_label": "auth",
      "model": "permission"
    },
    "model": "contenttypes.contenttype",
    "pk": 2
  },
  {
    "fields": {
      "app_label": "auth",
      "model": "group"
    },
    "model": "contenttypes.contenttype",
    "pk": 3
  },
  {
    "fields": {
      "app_label": "contenttypes",
      "model": "contenttype"
    },
    "model": "contenttypes.contenttype",
    "pk": 4
  },
  {
    "fields": {
      "app_label": "sessions",
      "model": "session"
    },
    "model": "contenttypes.contenttype",
    "pk": 5
  },
  {
    "fields": {
      "app_label": "config",
      "model": "society"
    },
    "model": "contenttypes.contenttype",
    "pk": 6
  },
  {
    "fields": {
      "app_label": "config",
      "model": "moduleconfiguration"
    },
    "model": "contenttypes.contenttype",
    "pk": 7
  },
  {
    "fields": {
      "app_label": "config",
      "model": "sig"
    },
    "model": "contenttypes.contenttype",
    "pk": 8
  },
  {
    "fields": {
      "app_label": "accounts",
      "model": "user"
    },
    "model": "contenttypes.contenttype",
    "pk": 9
  },
  {
    "fields": {
      "app_label": "accounts",
      "model": "executivemember"
    },
    "model": "contenttypes.contenttype",
    "pk": 10
  },
  {
    "fields": {
      "app_label": "accounts",
      "model": "faculty"
    },
    "model": "contenttypes.contenttype",
    "pk": 11
  },
  {
    "fields": {
      "app_label": "accounts",
      "model": "core"
    },
    "model": "contenttypes.contenttype",
    "pk": 12
  },
  {
    "fields": {
      "app_label": "embedathon",
      "model": "embedathonuser"
    },
    "model": "contenttypes.contenttype",
    "pk": 13
  },
  {
    "fields": {
      "app_label": "embedathon",
      "model": "team"
    },
    "model": "contenttypes.contenttype",
    "pk": 14
  },
  {
    "fields": {
      "app_label": "embedathon",
      "model": "invite"
    },
    "model": "contenttypes.contenttype",
    "pk": 15
  },
  {
    "fields": {
      "app_label": "embedathon",
      "model": "announcement"
    },
    "model": "contenttypes.contenttype",
    "pk": 16
  },
  {
    "fields": {
      "app_label": "impulse",
      "model": "announcement"
    },
    "model": "contenttypes.contenttype",
    "pk": 17
  },
  {
    "fields": {
      "app_label": "impulse",
      "model": "impulseuser"
    },
    "model": "contenttypes.contenttype",
    "pk": 18
  },
  {
    "fields": {
      "app_label": "impulse",
      "model": "team"
    },
    "model": "contenttypes.contenttype",
    "pk": 19
  },
  {
    "fields": {
      "app_label": "impulse",
      "model": "invite"
    },
    "model": "contenttypes.contenttype",
    "pk": 20
  },
  {
    "fields": {
      "app_label": "electrika",
      "model": "announcement"
    },
    "model": "contenttypes.contenttype",
    "pk": 21
  },
  {
    "fields": {
      "app_label": "electrika",
      "model": "electrikauser"
    },
    "model": "contenttypes.contenttype",
    "pk": 22
  },
  {
    "fields": {
      "app_label": "electrika",
      "model": "team"
    },
    "model": "contenttypes.contenttype",
    "pk": 23
  },
  {
    "fields": {
      "app_label": "electrika",
      "model": "invite"
    },
    "model": "contenttypes.contenttype",
    "pk": 24
  },
  {
    "fields": {
      "app_label": "skyward_expedition",
      "model": "announcement"
    },
    "model": "contenttypes.contenttype",
    "pk": 25
  },
  {
    "fields": {
      "app_label": "skyward_expedition",
      "model": "seuser"
    },
    "model": "contenttypes.contenttype",
    "pk": 26
  },
  {
    "fields": {
      "app_label": "skyward_expedition",
      "model": "team"
    },
    "model": "contenttypes.contenttype",
    "pk": 27
  },
  {
    "fields": {
      "app_label": "skyward_expedition",
      "model": "invite"
    },
    "model": "contenttypes.contenttype",
    "pk": 28
  },
  {
    "fields": {
      "app_label": "skyward_expedition",
      "model": "submission"
    },
    "model": "contenttypes.contenttype",
    "pk": 29
  },
  {
    "fields": {
      "app_label": "robotrix",
      "model": "announcement"
    },
    "model": "contenttypes.contenttype",
    "pk": 30
  },
  {
    "fields": {
      "app_label": "robotrix",
      "model": "robotrixuser"
    },
    "model": "contenttypes.contenttype",
    "pk": 31
  },
  {
    "fields": {
      "app_label": "robotrix",
      "model": "team"
    },
    "model": "contenttypes.contenttype",
    "pk": 32
  },
  {
    "fields": {
      "app_label": "robotrix",
      "model": "invite"
    },
    "model": "contenttypes.contenttype",
    "pk": 33
  },
  {
    "fields": {
      "app_label": "farewell",
      "model": "senior"
    },
    "model": "contenttypes.contenttype",
    "pk": 34
  },
  {
    "fields": {
      "app_label": "virtual_expo",
      "model": "reporttype"
    },
    "model": "contenttypes.contenttype",
    "pk": 35
  },
  {
    "fields": {
      "app_label": "virtual_expo",
      "model": "report"
    },
    "model": "contenttypes.contenttype",
    "pk": 36
  },
  {
    "fields": {
      "app_label": "virtual_expo",
      "model": "reportmember"
    },
    "model": "contenttypes.contenttype",
    "pk": 37
  },
  {
    "fields": {
      "app_label": "accounts",
      "model": "post"
    },
    "model": "contenttypes.contenttype",
    "pk": 38
  },
  {
    "fields": {
      "expire_date": "2024-05-30T08:13:27.684Z",
      "session_data": ".eJxVjEsOwjAMBe-SNari2PnADjhIZDtBRUgtapoV4u5QqQvYzpt5L5O5r2PurS75XszJgDn8MmF91GkbWHXu09qGHQ3XeXn2dv6ql136K0du4_ZXQxHr8YYxBmLxImpTkFhLdQp0RAclICQmAWL00Vkii5qUyDGY9wc_rjS2:1s7WEx:_WTZTM525j260u6ht7MM1HPbhr4Wm_BRv5mo-g2pLRQ"
    },
    "model": "sessions.session",
    "pk": "begryxv2z9zdkzolu9fn247ocxuk0gcj"
  },
  {
    "fields": {
      "about": "The NITK-IEEE Computer Society is a conglomeration of students with a passion for Computer Science and Information Technology. This SIG is a great platform for those who want to gain expertise in computer based technology.\r\nIn the true spirit of divide and conquer, our community intends to explore and contribute to the rapidly evolving world of computer technologies by carrying out research and projects in the broad domains of computer science, in the form of 3 research groups : Intelligence, Systems and Core Computer Science.",
      "name": "CompSoc",
      "slug": "compsoc",
      "what_we_do": "Intelligence deals with fields such as Machine Learning, Artificial Intelligence, Deep Learning, Computer Vision, NLP. Systems is related to fields involving Operating Systems, Parallel Computing, Network Security, Distributed Systems. Core Computer Science involves Algorithms, Cryptography, Databases, Game Theory, Web & Software Development ."
    },
    "model": "config.sig",
    "pk": 1
  },
  {
    "fields": {
      "about": "The NITK Diode SIG is a combination of the Circuits and Systems (CAS) Society, Signal Processing Society (SPS) and the Industrial Applications Society (IAS).\r\nThe SIG consists of a team of students with a strong interest in the field of Electronics and Electrical Science, and works on conceiving and pioneering solutions to fundamental and applied problems in the fields of robotics, microcontrollers and signal processing.",
      "name": "Diode",
      "slug": "diode",
      "what_we_do": "For the 2022-23 academic year, IAS showcased a project on a three-level boost converter design for MPPT applications in PV cells. SPS also boasts to showcase state-of-the-art projects such as 'Low Light Image Enhancement using MIRNet', and 'Leveraging Frequency Analysis for Deep Fake Image Classification' at the annual project expo at NITK. In addition, SPS finds its presence in paper discussion sessions, expert talks, and many more enriching activities. Nation wide Workshops, Knowledge sharing sessions and Hackathons were conducted throughout the year by the all three chapters under Diode."
    },
    "model": "config.sig",
    "pk": 2
  },
  {
    "fields": {
      "about": "Piston is a SIG dedicated to the engineering applications of Mechanical, Civil, Chemical and Material Sciences. The SIG functions as a platform for students interested in learning and advancing specific areas of knowledge and technology. The SIG members co-operate, communicate, and organise meets, talks and conferences to discuss the latest technological advancements and applications.",
      "name": "Piston",
      "slug": "piston",
      "what_we_do": "The SIG specializes on a lot of areas like Aerospace Engineering, Automobile Engineering, Chemical and Thermal Engineering, Heat and Renewable Energy Engineering, Robotics, Controls & Mechatronics and Structures & Materials."
    },
    "model": "config.sig",
    "pk": 3
  },
  {
    "fields": {
      "about": "The Women in Engineering affinity group of IEEE NITK aims to increase inclusivity and acceptance in tech on campus. We coordinate events and mentorship programs to inspire our colleagues and other women and girls to pursue a career in engineering. It is a professional organisation dedicated to promoting technical interests among women engineers and scientists.",
      "name": "WiE",
      "slug": "wie",
      "what_we_do": "It was launched on February 18th 2009 by Prof. Marimuthu, the R10 WiE Coordinator. Our mission is to inspire, engage, encourage, and empower IEEE women student members and facilitate the recruitment and retention of women in technical disciplines globally."
    },
    "model": "config.sig",
    "pk": 4
  },
  {
    "fields": {
      "about": "IEEE SIGHT caters to the guiding philosophy of IEEE - \u2018Advancing Technology for Humanity\u2019. IEEE Special Interest Group on Humanitarian Technology (SIGHT) provides IEEE members with the opportunity to work with a large network of volunteers around the world carrying out and/or supporting impactful humanitarian activities on the local level. IEEE SIGHT focuses on sustainable solutions that make a long-term difference in the lives of people. SIGHT operates through local volunteers and partners working with local communities.",
      "name": "SIGHT",
      "slug": "sight",
      "what_we_do": "We focus on taking up projects in the open-source platforms. This helps us drive down the cost of the final product and make the solution affordable to a large section of people."
    },
    "model": "config.sig",
    "pk": 5
  },
  {
    "fields": {
      "dark_image": "img/logo/compsoc-dark.png",
      "description": "The IEEE NITK Computer Society Chapter intends to explore and contribute to the rapidly evolving world of computer technologies by carrying out research and projects in the broad domains of computer science in the form of three focus groups: Intelligence, Systems and Theoretical Computer Science.",
      "image": "img/logo/compsoc-light.png",
      "name": "CS",
      "sigs": [
        1
      ],
      "url": "https://www.computer.org/"
    },
    "model": "config.society",
    "pk": 1
  },
  {
    "fields": {
      "dark_image": "",
      "description": "The IEEE NITK Signal Processing Society Chapter focuses projects and research in areas of signal processing and machine learning. Projects undertaken here are oriented towards healthcare and solutions to humanitarian needs.",
      "image": "img/logo/sps.png",
      "name": "SPS",
      "sigs": [
        2
      ],
      "url": "https://signalprocessingsociety.org/"
    },
    "model": "config.society",
    "pk": 2
  },
  {
    "fields": {
      "dark_image": "img/logo/cass-dark.png",
      "description": "The IEEE NITK Circuits and Systems Society Chapter focuses on areas around electrical and electronic circuits with applications in healthcare, industry appliances, home appliances and electronics systems research.",
      "image": "img/logo/cass-light.png",
      "name": "CASS",
      "sigs": [
        2
      ],
      "url": "https://ieee-cas.org/"
    },
    "model": "config.society",
    "pk": 3
  },
  {
    "fields": {
      "dark_image": "img/logo/ias-dark.png",
      "description": "The IEEE IAS vision \u201cto be a world leader in the advancement of technology and dissemination of technical information to support professionals engaged in the applications of electrical and electronic engineering to industry\u201d has become possible with the professional connection of Industry Professionals in Electrical and Electronic Engineering.",
      "image": "img/logo/ias-light.png",
      "name": "IAS",
      "sigs": [
        3
      ],
      "url": "https://ias.ieee.org/"
    },
    "model": "config.society",
    "pk": 4
  },
  {
    "fields": {
      "dark_image": "",
      "description": "The IEEE Photonics Society forms the hub of a vibrant technical community dedicated to transforming breakthroughs in quantum physics into the devices, systems and products to revolutionize our daily lives. From ubiquitous and inexpensive global communications via fiber optics, to lasers for medical and other applications, to flat-screen displays, to photovoltaic devices for solar energy, to LEDs for energy-efficient illumination, there are myriad examples of the society's impact on the world around us.",
      "image": "img/logo/photonics.png",
      "name": "PHO",
      "sigs": [
        3
      ],
      "url": "https://www.photonicssociety.org/"
    },
    "model": "config.society",
    "pk": 5
  },
  {
    "fields": {
      "dark_image": "",
      "description": "The IEEE RAS Student Chapter focuses on the interdisciplinary nature of technology and engineering and strives to advance robotics and intelligent systems technology in various fields of biomedical engineering, security, industry and home automation through research and ingenuity.",
      "image": "img/logo/ras.png",
      "name": "RAS",
      "sigs": [
        2
      ],
      "url": "https://www.ieee-ras.org/"
    },
    "model": "config.society",
    "pk": 6
  },
  {
    "fields": {
      "dark_image": "img/logo/grss-dark.png",
      "description": "GRSS - The Geoscience and Remote Sensing Society (GRSS) is a technical Society of the Institute of Electrical and Electronics Engineers (IEEE). GRSS encourages its members to participate in science, engineering, applications, and education linked to the advancement of geoscience and remote sensing for the benefit of society.",
      "image": "img/logo/grss-light.png",
      "name": "GRSS",
      "sigs": [
        3
      ],
      "url": "https://www.grss-ieee.org/"
    },
    "model": "config.society",
    "pk": 7
  },
  {
    "fields": {
      "dark_image": "img/logo/cis-dark.png",
      "description": "The IEEE Computational Intelligence Society (CIS) is a vibrant community working towards a common goal - to unravel the mysteries of the ever-evolving field of computational intelligence with its focus on neural networks, fuzzy systems, and evolutionary computation. The society hosts conferences, publishes journals, and provides educational resources to foster learning and collaboration leading to the development of cutting-edge applications and forging the future of AI.",
      "image": "img/logo/cis-light.png",
      "name": "CIS",
      "sigs": [
        1
      ],
      "url": "https://cis.ieee.org/"
    },
    "model": "config.society",
    "pk": 8
  },
  {
    "fields": {
      "dark_image": "",
      "description": "The IEEE NITK WIE is a professional organisation dedicated to promoting technical interests among women engineers and scientists. It was launched on February 18th 2009 by Prof Marimuthu, the R10 WIE Coordinator. Our mission is to inspire, engage, encourage, and empower IEEE women student members and facilitate the recruitment and retention of women in technical disciplines globally.",
      "image": "img/logo/wie.png",
      "name": "WIE",
      "sigs": [
        4
      ],
      "url": "https://wie.ieee.org/"
    },
    "model": "config.society",
    "pk": 9
  },
  {
    "fields": {
      "dark_image": "",
      "description": "IEEE Special Interest Group on Humanitarian Technology (SIGHT) provides IEEE members with the opportunity to work with a large network of volunteers around the world carrying out and/or supporting impactful humanitarian activities on the local level. IEEE SIGHT focuses on sustainable solutions that make a long-term difference in the lives of people. SIGHT operates through local volunteers and partners working with local communities.",
      "image": "img/logo/sight.png",
      "name": "SIGHT",
      "sigs": [
        5
      ],
      "url": "https://sight.ieee.org/"
    },
    "model": "config.society",
    "pk": 10
  },
  {
    "fields": {
      "date_joined": "2024-05-16T08:13:17.946Z",
      "email": "admin@gmail.com",
      "first_name": "",
      "gender": "",
      "groups": [],
      "is_active": true,
      "is_staff": true,
      "is_superuser": true,
      "last_login": "2024-05-16T08:13:27.679Z",
      "last_name": "",
      "password": "pbkdf2_sha256$600000$wvCjRngz47HvDotrrYeIAs$G1bTj5n+oo7caxx3IEeo1ZwEf6sBkulkTccB/jpVk8M=",
      "phone_no": "",
      "user_permissions": []
    },
    "model": "accounts.user",
    "pk": 1
  },
  {
    "fields": {
      "date_joined": "2024-05-16T13:00:28.012Z",
      "email": "joseph@gmail.com",
      "first_name": "Joseph",
      "gender": "M",
      "groups": [],
      "is_active": true,
      "is_staff": false,
      "is_superuser": false,
      "last_login": null,
      "last_name": "Andy",
      "password": "pbkdf2_sha256$600000$ZG13IGzUIGfDXCLwFuJ1Jg$7j/7NdciwORS2EOXjrhYzFsVnjv22Te0kriSahwDRfk=",
      "phone_no": "2233114455",
      "user_permissions": []
    },
    "model": "accounts.user",
    "pk": 2
  },
  {
    "fields": {
      "date_joined": "2024-05-16T13:01:00.772Z",
      "email": "tom@gmail.com",
      "first_name": "Tom",
      "gender": "M",
      "groups": [],
      "is_active": true,
      "is_staff": false,
      "is_superuser": false,
      "last_login": null,
      "last_name": "Hawk",
      "password": "pbkdf2_sha256$600000$3u58IhGWmrR5eqi559p5kW$mP/X4bqYOy3lblmSis3LzlInPOdlA9FyjucsVvCnZJE=",
      "phone_no": "7766554433",
      "user_permissions": []
    },
    "model": "accounts.user",
    "pk": 3
  },
  {
    "fields": {
      "date_joined": "2024-05-16T13:30:58.112Z",
      "email": "felix@gmail.com",
      "first_name": "Felix",
      "gender": "F",
      "groups": [],
      "is_active": true,
      "is_staff": false,
      "is_superuser": false,
      "last_login": null,
      "last_name": "Cog",
      "password": "pbkdf2_sha256$600000$Uv9H77vgGGjBZQRjokbPZR$LgvdDFVzf62r1dMU6cBI5xhHPoRNY73vo1y7oe7hiwY=",
      "phone_no": "4433221155",
      "user_permissions": []
    },
    "model": "accounts.user",
    "pk": 4
  },
  {
    "fields": {
      "date_joined": "2024-05-16T13:31:36.953Z",
      "email": "amy@gmail.com",
      "first_name": "Amy",
      "gender": "F",
      "groups": [],
      "is_active": true,
      "is_staff": false,
      "is_superuser": false,
      "last_login": null,
      "last_name": "Carlos",
      "password": "pbkdf2_sha256$600000$C4xv7tGuPB45jc2lCKOrHb$AXiZ429Tnz2HNP7ulf52UDGmA6ak/5pZD2yRiKDbwl8=",
      "phone_no": "8855443322",
      "user_permissions": []
    },
    "model": "accounts.user",
    "pk": 5
  },
  {
    "fields": {
      "date_joined": "2024-05-16T15:07:49.169Z",
      "email": "emily@gmail.com",
      "first_name": "Emily",
      "gender": "F",
      "groups": [],
      "is_active": true,
      "is_staff": false,
      "is_superuser": false,
      "last_login": null,
      "last_name": "Johnson",
      "password": "pbkdf2_sha256$600000$GTNgqroyKfx9nyd4Aebi1P$MSo1oxuVKHs7/CSi0kUdW65JOCYKihhpxpc0c2i7AuI=",
      "phone_no": "1234567891",
      "user_permissions": []
    },
    "model": "accounts.user",
    "pk": 6
  },
  {
    "fields": {
      "date_joined": "2024-05-16T15:08:21.372Z",
      "email": "daniel@gmail.com",
      "first_name": "Daniel",
      "gender": "M",
      "groups": [],
      "is_active": true,
      "is_staff": false,
      "is_superuser": false,
      "last_login": null,
      "last_name": "Smith",
      "password": "pbkdf2_sha256$600000$nI1onLiVtwMhJsFbF7Wd1h$OnXDTjKFhAzLajO+bOKbACETMzfNEPBZ2eRK/VLpB4k=",
      "phone_no": "6655443300",
      "user_permissions": []
    },
    "model": "accounts.user",
    "pk": 7
  },
  {
    "fields": {
      "date_joined": "2024-05-16T15:08:50.957Z",
      "email": "sophia@email.com",
      "first_name": "Sophia",
      "gender": "F",
      "groups": [],
      "is_active": true,
      "is_staff": false,
      "is_superuser": false,
      "last_login": null,
      "last_name": "Brown",
      "password": "pbkdf2_sha256$600000$xUQdDg3aB9xpONidglN29R$TAvRisdYlLSs+ceuei4MbjNwxgueDBioKMEiDRcr5hc=",
      "phone_no": "4455332211",
      "user_permissions": []
    },
    "model": "accounts.user",
    "pk": 8
  },
  {
    "fields": {
      "date_joined": "2024-05-16T15:09:21.777Z",
      "email": "matt@gmail.com",
      "first_name": "Matthew",
      "gender": "M",
      "groups": [],
      "is_active": true,
      "is_staff": false,
      "is_superuser": false,
      "last_login": null,
      "last_name": "Patel",
      "password": "pbkdf2_sha256$600000$7YrSzzdRtFReCHH0DcYUaf$9ilLvC2167LPcZXljiGMDV7+Ynkwb+YEtZmiZHuD7fY=",
      "phone_no": "7654321089",
      "user_permissions": []
    },
    "model": "accounts.user",
    "pk": 9
  },
  {
    "fields": {
      "date_joined": "2024-05-16T15:10:03.014Z",
      "email": "olivia@gmail.com",
      "first_name": "Olivia",
      "gender": "F",
      "groups": [],
      "is_active": true,
      "is_staff": false,
      "is_superuser": false,
      "last_login": null,
      "last_name": "Garcia",
      "password": "pbkdf2_sha256$600000$PtrkvdAcSxnCpVIhhS4hss$BkE6zRllJvjaQwN02tuiHM5zLmUyIOGyjV7++Md7ukE=",
      "phone_no": "5678901234",
      "user_permissions": []
    },
    "model": "accounts.user",
    "pk": 10
  },
  {
    "fields": {
      "date_joined": "2024-05-16T15:10:25.275Z",
      "email": "ethan@gmail.com",
      "first_name": "Ethan",
      "gender": "M",
      "groups": [],
      "is_active": true,
      "is_staff": false,
      "is_superuser": false,
      "last_login": null,
      "last_name": "Jones",
      "password": "pbkdf2_sha256$600000$W7FBuL9QtwiP88y5a8nIMq$k1CL/jVlV0KRQFDAg5kQpaSJmTm9gR4jLcuwOjxVfbE=",
      "phone_no": "8811225544",
      "user_permissions": []
    },
    "model": "accounts.user",
    "pk": 11
  },
  {
    "fields": {
      "date_joined": "2024-05-16T15:10:49.460Z",
      "email": "ava@gmail.com",
      "first_name": "Ava",
      "gender": "F",
      "groups": [],
      "is_active": true,
      "is_staff": false,
      "is_superuser": false,
      "last_login": null,
      "last_name": "Martinez",
      "password": "pbkdf2_sha256$600000$6l0KqAPwH2poyrsoxC4dkm$9HypWj/noOukxieGW1sOVvxXfEkw00dfIhYm7cZansA=",
      "phone_no": "2233119977",
      "user_permissions": []
    },
    "model": "accounts.user",
    "pk": 12
  },
  {
    "fields": {
      "date_joined": "2024-05-16T15:11:12.706Z",
      "email": "liam@gmail.com",
      "first_name": "Liam",
      "gender": "M",
      "groups": [],
      "is_active": true,
      "is_staff": false,
      "is_superuser": false,
      "last_login": null,
      "last_name": "Thompson",
      "password": "pbkdf2_sha256$600000$WO460RUNwx6dw9gwEuDs0v$HI8/gFm6Dczc0rRitm6AN1EUjQBz8eEzkhYFfht2OL8=",
      "phone_no": "6655443322",
      "user_permissions": []
    },
    "model": "accounts.user",
    "pk": 13
  },
  {
    "fields": {
      "date_joined": "2024-05-16T15:11:34.148Z",
      "email": "mia@gmail.com",
      "first_name": "Mia",
      "gender": "F",
      "groups": [],
      "is_active": true,
      "is_staff": false,
      "is_superuser": false,
      "last_login": null,
      "last_name": "Davis",
      "password": "pbkdf2_sha256$600000$rWefvAknfk74GSTix4xcHR$CaVNkiurd1McXw0ZiSm0YVaADTlkmU/qbq7u4c54srQ=",
      "phone_no": "9977665544",
      "user_permissions": []
    },
    "model": "accounts.user",
    "pk": 14
  },
  {
    "fields": {
      "date_joined": "2024-05-16T12:52:56.591Z",
      "edu_email": "jos@nitk.edu.in",
      "github": null,
      "ieee_email": "jos@ieee.org",
      "ieee_number": "22334455",
      "is_nep": true,
      "linkedin": null,
      "minor_branch": null,
      "profile_picture": "",
      "reg_number": "2210431",
      "roll_number": "201IT233",
      "sig": 2
    },
    "model": "accounts.executivemember",
    "pk": 2
  },
  {
    "fields": {
      "date_joined": "2024-05-16T12:52:56.591Z",
      "edu_email": "tom@nitk.edu.in",
      "github": null,
      "ieee_email": "tom@ieee.org",
      "ieee_number": "33221100",
      "is_nep": true,
      "linkedin": null,
      "minor_branch": null,
      "profile_picture": "",
      "reg_number": "2210752",
      "roll_number": "221EC231",
      "sig": 1
    },
    "model": "accounts.executivemember",
    "pk": 3
  },
  {
    "fields": {
      "date_joined": "2024-05-16T13:23:15.253Z",
      "edu_email": "amy@nitk.edu.in",
      "github": null,
      "ieee_email": "amy@ieee.org",
      "ieee_number": "33220077",
      "is_nep": true,
      "linkedin": null,
      "minor_branch": null,
      "profile_picture": "",
      "reg_number": "2210988",
      "roll_number": "221CD321",
      "sig": 3
    },
    "model": "accounts.executivemember",
    "pk": 5
  },
  {
    "fields": {
      "date_joined": "2024-05-16T13:39:08.303Z",
      "edu_email": "soph@nitk.edu.in",
      "github": null,
      "ieee_email": "soph@ieee.org",
      "ieee_number": "66743321",
      "is_nep": true,
      "linkedin": null,
      "minor_branch": null,
      "profile_picture": "",
      "reg_number": "77554433",
      "roll_number": "221EC243",
      "sig": 2
    },
    "model": "accounts.executivemember",
    "pk": 8
  },
  {
    "fields": {
      "date_joined": "2024-05-16T13:39:08.303Z",
      "edu_email": "matt@nitk.edu.in",
      "github": null,
      "ieee_email": "matt@ieee.org",
      "ieee_number": "88554433",
      "is_nep": true,
      "linkedin": null,
      "minor_branch": null,
      "profile_picture": "",
      "reg_number": "2210987",
      "roll_number": "221ME321",
      "sig": 2
    },
    "model": "accounts.executivemember",
    "pk": 9
  },
  {
    "fields": {
      "date_joined": "2024-05-16T13:39:08.303Z",
      "edu_email": "olivia@nitk.edu.in",
      "github": null,
      "ieee_email": "olivia@ieee.org",
      "ieee_number": "66554433",
      "is_nep": true,
      "linkedin": null,
      "minor_branch": null,
      "profile_picture": "",
      "reg_number": "2210654",
      "roll_number": "221EC321",
      "sig": 2
    },
    "model": "accounts.executivemember",
    "pk": 10
  },
  {
    "fields": {
      "date_joined": "2024-05-16T13:39:08.303Z",
      "edu_email": "ethan@nitk.edu.in",
      "github": null,
      "ieee_email": "ethan@ieee.org",
      "ieee_number": "33221155",
      "is_nep": true,
      "linkedin": null,
      "minor_branch": null,
      "profile_picture": "",
      "reg_number": "2119764",
      "roll_number": "221TE435",
      "sig": 3
    },
    "model": "accounts.executivemember",
    "pk": 11
  },
  {
    "fields": {
      "date_joined": "2024-05-16T13:39:08.303Z",
      "edu_email": "liam@nitk.edu.in",
      "github": null,
      "ieee_email": "liam@ieee.org",
      "ieee_number": "33220099",
      "is_nep": true,
      "linkedin": null,
      "minor_branch": null,
      "profile_picture": "",
      "reg_number": "2210436",
      "roll_number": "221CS213",
      "sig": 1
    },
    "model": "accounts.executivemember",
    "pk": 13
  },
  {
    "fields": {
      "is_execom": true,
      "is_sac": false,
      "name": "Convenor",
      "priority": 1
    },
    "model": "accounts.post",
    "pk": 1
  },
  {
    "fields": {
      "is_execom": true,
      "is_sac": false,
      "name": "Chairperson",
      "priority": 1
    },
    "model": "accounts.post",
    "pk": 2
  },
  {
    "fields": {
      "is_execom": true,
      "is_sac": false,
      "name": "Vice Chairperson",
      "priority": 2
    },
    "model": "accounts.post",
    "pk": 3
  },
  {
    "fields": {
      "is_execom": true,
      "is_sac": false,
      "name": "Secretary",
      "priority": 2
    },
    "model": "accounts.post",
    "pk": 4
  },
  {
    "fields": {
      "is_execom": true,
      "is_sac": false,
      "name": "Joint Secretary",
      "priority": 2
    },
    "model": "accounts.post",
    "pk": 5
  },
  {
    "fields": {
      "is_execom": false,
      "is_sac": false,
      "name": "Treasurer (Branch)",
      "priority": 3
    },
    "model": "accounts.post",
    "pk": 6
  },
  {
    "fields": {
      "is_execom": true,
      "is_sac": false,
      "name": "Treasurer (Intitute)",
      "priority": 3
    },
    "model": "accounts.post",
    "pk": 7
  },
  {
    "fields": {
      "is_execom": false,
      "is_sac": false,
      "name": "Chair",
      "priority": 1
    },
    "model": "accounts.post",
    "pk": 8
  },
  {
    "fields": {
      "is_execom": false,
      "is_sac": false,
      "name": "Vice Chair",
      "priority": 2
    },
    "model": "accounts.post",
    "pk": 9
  },
  {
    "fields": {
      "is_execom": false,
      "is_sac": false,
      "name": "Secretary",
      "priority": 3
    },
    "model": "accounts.post",
    "pk": 10
  },
  {
    "fields": {
      "is_execom": false,
      "is_sac": false,
      "name": "Project Head",
      "priority": 3
    },
    "model": "accounts.post",
    "pk": 11
  },
  {
    "fields": {
      "is_execom": false,
      "is_sac": false,
      "name": "Project Coordinator",
      "priority": 3
    },
    "model": "accounts.post",
    "pk": 12
  },
  {
    "fields": {
      "is_execom": false,
      "is_sac": true,
      "name": "Webmaster",
      "priority": 2
    },
    "model": "accounts.post",
    "pk": 13
  },
  {
    "fields": {
      "is_execom": false,
      "is_sac": true,
      "name": "Media Lead",
      "priority": 2
    },
    "model": "accounts.post",
    "pk": 14
  },
  {
    "fields": {
      "is_execom": false,
      "is_sac": true,
      "name": "Outreach Lead",
      "priority": 2
    },
    "model": "accounts.post",
    "pk": 15
  },
  {
    "fields": {
      "is_execom": false,
      "is_sac": true,
      "name": "Envision Lead",
      "priority": 3
    },
    "model": "accounts.post",
    "pk": 16
  },
  {
    "fields": {
      "is_execom": false,
      "is_sac": true,
      "name": "Labs Incharge",
      "priority": 3
    },
    "model": "accounts.post",
    "pk": 17
  },
  {
    "fields": {
      "is_execom": false,
      "is_sac": true,
      "name": "SAC Lead",
      "priority": 1
    },
    "model": "accounts.post",
    "pk": 18
  },
  {
    "fields": {
      "is_execom": false,
      "is_sac": true,
      "name": "WIE Chair",
      "priority": 2
    },
    "model": "accounts.post",
    "pk": 19
  },
  {
    "fields": {
      "is_execom": false,
      "is_sac": true,
      "name": "SIGHT Chair",
      "priority": 2
    },
    "model": "accounts.post",
    "pk": 20
  },
  {
    "fields": {
      "is_execom": true,
      "is_sac": false,
      "name": "Branch Counselor",
      "priority": 1
    },
    "model": "accounts.post",
    "pk": 21
  },
  {
    "fields": {
      "is_execom": false,
      "is_sac": false,
      "name": "Faculty Advisor",
      "priority": 1
    },
    "model": "accounts.post",
    "pk": 22
  },
  {
    "fields": {
      "executivemember": 3,
      "post": 8,
      "society": 8,
      "term_end": "2024-05-31",
      "term_start": "2024-05-16"
    },
    "model": "accounts.core",
    "pk": 2
  },
  {
    "fields": {
      "executivemember": 2,
      "post": 1,
      "society": 2,
      "term_end": "2024-05-31",
      "term_start": "2024-05-16"
    },
    "model": "accounts.core",
    "pk": 3
  },
  {
    "fields": {
      "executivemember": 5,
      "post": 9,
      "society": 4,
      "term_end": "2024-05-31",
      "term_start": "2024-05-16"
    },
    "model": "accounts.core",
    "pk": 4
  },
  {
    "fields": {
      "executivemember": 10,
      "post": 8,
      "society": null,
      "term_end": "2024-05-31",
      "term_start": "2024-05-16"
    },
    "model": "accounts.core",
    "pk": 5
  },
  {
    "fields": {
      "executivemember": 9,
      "post": 18,
      "society": 3,
      "term_end": "2024-05-31",
      "term_start": "2024-05-16"
    },
    "model": "accounts.core",
    "pk": 6
  },
  {
    "fields": {
      "linkedin": null,
      "post": 22,
      "profile_picture": "accounts/faculty/profile_picture/gen_X5t3YrX.jpg",
      "sig": 2,
      "society": 2,
      "term_end": "2024-05-31",
      "term_start": "2024-05-16",
      "user": 4,
      "website": null
    },
    "model": "accounts.faculty",
    "pk": 1
  },
  {
    "fields": {
      "linkedin": null,
      "post": 22,
      "profile_picture": "",
      "sig": 1,
      "society": 1,
      "term_end": "2024-05-31",
      "term_start": "2024-05-16",
      "user": 12,
      "website": null
    },
    "model": "accounts.faculty",
    "pk": 2
  },
  {
    "fields": {
      "linkedin": null,
      "post": 22,
      "profile_picture": "",
      "sig": 3,
      "society": 4,
      "term_end": "2024-05-31",
      "term_start": "2024-05-16",
      "user": 7,
      "website": null
    },
    "model": "accounts.faculty",
    "pk": 3
  },
  {
    "fields": {
      "linkedin": null,
      "post": 19,
      "profile_picture": "",
      "sig": 1,
      "society": 9,
      "term_end": "2024-05-31",
      "term_start": "2024-05-16",
      "user": 6,
      "website": null
    },
    "model": "accounts.faculty",
    "pk": 4
  },
  {
    "fields": {
      "linkedin": null,
      "post": 21,
      "profile_picture": "",
      "sig": 2,
      "society": 2,
      "term_end": "2024-05-31",
      "term_start": "2024-05-16",
      "user": 14,
      "website": null
    },
    "model": "accounts.faculty",
    "pk": 5
  }
]
